date,American Express,www.xnnxvideocodecs.com american express 2019 indonesia terbaru,xnxvideocodecs com american express 2020wx,www.xxnvideocodecs.com american express 2018 tanzania
2020-11-15,88,0,0,0
2020-11-22,89,0,0,0
2020-11-29,100,0,0,0
2020-12-06,92,0,0,0
2020-12-13,91,0,0,0
2020-12-20,90,0,0,53
2020-12-27,93,0,0,71
2021-01-03,94,0,0,30
2021-01-10,86,0,0,54
2021-01-17,90,2,0,47
2021-01-24,86,6,0,48
2021-01-31,85,5,0,48
2021-02-07,82,5,0,54
2021-02-14,70,9,0,66
2021-02-21,71,0,0,60
2021-02-28,75,14,4,72
2021-03-07,77,40,3,48
2021-03-14,78,43,8,73
2021-03-21,81,19,100,90
2021-03-28,77,46,17,100
2021-04-04,76,19,34,79
2021-04-11,78,21,18,24
2021-04-18,75,25,5,24
2021-04-25,78,41,5,60
2021-05-02,79,38,7,36
2021-05-09,81,59,9,62
2021-05-16,83,57,9,97
2021-05-23,78,78,2,54
2021-05-30,84,77,2,19
2021-06-06,85,100,2,24
2021-06-13,83,81,2,24
2021-06-20,81,75,1,0
2021-06-27,87,93,2,19
2021-07-04,86,49,1,12
2021-07-11,85,7,2,0
2021-07-18,79,8,1,19
2021-07-25,68,7,0,6
2021-08-01,72,3,1,6
2021-08-08,70,15,1,6
2021-08-15,67,2,1,25
2021-08-22,67,5,2,7
2021-08-29,69,3,1,20
2021-09-05,67,0,1,27
2021-09-12,67,0,0,26
2021-09-19,66,3,1,13
2021-09-26,69,5,1,13
2021-10-03,68,3,1,13
2021-10-10,71,0,0,27
2021-10-17,70,2,0,7
2021-10-24,69,7,1,13
2021-10-31,71,2,0,0
2021-11-07,74,0,0,9
